"s001"	"s002"	"s003"	"s005"	"s006"	"s007"	"s008"	"s009"	"s011"	"s012"	"s014"	"s015"	"s017"	"s018"	"s019"	"s020"	"s021"	"s022"	"s023"	"s024"	"s025"	"s027"	"s028"	"s029"	"s030"	"s032"	"s033"	"s034"	"s036"	"s037"	"s040"	"s041"	"s042"	"s044"	"s046"	"s047"	"s049"	"s050"	"s053"	"s054"	"s055"	"s056"	"s072"	"s077"	"s083"	"s085"	"s086"	"s087"	"s088"	"s089"	"s091"	"s093"	"s094"	"s097"	"s098"	"s099"	"s100"	"s103"	"s104"	"s105"	"s106"	"s107"	"s108"	"s109"	"s110"	"s111"	"s112"	"s115"	"s116"	"s119"	"s120"	"s122"	"s123"	"s125"	"s126"	"s128"	"s129"	"s130"	"s132"	"s133"	"s134"	"s135"	"s137"	"s138"	"s140"	"s151"	"s162"	"s166"	"s168"	"s169"	"s170"	"s171"	"s172"	"s173"	"s174"	"s175"	"s176"	"s177"	"s178"	"s179"	"s182"	"s183"	"s184"	"s185"	"s187"	"s188"	"s189"	"s190"	"s192"	"s193"	"s196"	"s197"	"s198"	"s199"	"s201"	"s202"	"s204"	"s205"	"s207"	"s208"	"s209"	"s210"	"s211"	"s214"	"s215"	"s216"	"s218"	"s219"	"s220"	"s221"	"s225"	"s227"	"s228"	"s229"	"s230"	"s231"	"s232"	"s233"	"s234"	"s236"	"s240"	"s241"
"MYb379"	0.0118719761816152	0.0560105184072126	0.01056284895126	0.0468635911052108	0.0139753172257952	0.00463898737532721	0.276468364003025	0.013809932425185	0.0315816446370994	0.113677750050583	0.00511502377586428	0.0214875329759169	0.0106393410472642	0.0435831699592822	0.0135099856415612	0.013964013688045	0.358646063281825	0.0459498884503175	0.0162153734213398	0.0154961112420457	0.0204982013167719	0.00279555196620488	0.0286324539629394	0.023711763498255	0.00509070340592299	0.0107125906841142	0.00856815747682535	0.0142700960929858	0.00396928682977616	0.0106576238343224	0.00749323090485486	0.0853575994585245	0.154856269697259	0.00330760749724366	0.0112005973651928	0.00808465105219356	0.0211674672311325	0.0414511001682977	0.0109763142692086	0.0117610062893082	0.0250153280196199	0.0277079258638353	0.0130708856065756	0.0128690694359601	0.0089769647696477	0.01307740982915	0.00566847518017653	0.0155976264481492	0.0117309241166789	0.00921674893852049	0.0452369217770894	0.0309546313799622	0.0175518577615683	0.0731207128208755	0.00363324418428622	0.00468833244539158	0.0260204279777855	0.00484490727849864	0.012006301950345	0.00267477203647416	0.00879686745695435	0.0109223822833799	0.0149553571428571	0.00524883359253499	0.0191433357262503	0.00366492146596859	0.00457128209509976	0.0516635668526555	0.00653526428608773	0.0140818800708757	0.0095434131736527	0.00628473141042604	0.00298187578623678	0.00900986342943854	0.0343529411764706	0.308120258499579	0.00672524134938714	0.018657937806874	0.0503024514485833	0.481762079173147	0.00459897912771011	0.0370490737731557	0.0167226282177892	0.0189581753485388	0.0204201950905778	0.016851517496346	0.0031324043211116	0.027767392855929	0.0072694738019348	0.0154772141014617	0.0250398919847797	0.0110553909277411	0.0375509741730856	0.011300037311444	0.0176354856018601	0.0349840981372104	0.0283938339134759	0.0855735246867302	0.0203750388507097	0.0102996422986357	0.0128829301175942	0.0936053966661092	0.00196802956060728	0.00568126163189343	0.0185131523873917	0.0292992441914715	0.110440897124004	0.00532656312226205	0.0210465937169079	0.0800829754287551	0.0140621456112497	0.180980344180736	0.0303553445547403	0.581250642805718	0.0282037876147322	0.370631998196438	0.0327070552147239	0.0182215486554118	0.0193464669104636	0.0415020453830286	0.0295304217291364	0.0315537125826098	0.0679069155929529	0.00556689552792726	0.0790871250179417	0.0710384092945291	0.00661266325012399	0.0636804542407634	0.0290929259315283	0.0089836291357561	0.0152296732989437	0.0569403425871235	0.0232085491378745	0.149931034482759	0.0795040834399292	0.0145194902804824	0.0103484688489968	0.0353478441373584	0.0196268946754761	0.0179442782937195	0.0071453775582216	0.00450783825607213
"MYb71,MYb49"	0.00628954224041682	0.0360255447032307	0.00139580503998793	0.0193826750746764	0.00219016165478881	0.00122601809205076	0.0403012351903201	0.003298294540384	0.00634195297986377	0.0793822081338099	0.00197918005397764	0.00668028252914646	0.00151990586389488	0.0178706077514704	0.00241482835139016	0.00347720498951319	0.0735344616139318	0.0198215205079801	0.00311834104256536	0.00695262785764789	0.0109278490463585	0.000745480524321302	0.010217629740807	0.0080578936563334	0.00117166983152196	0.00244084344701336	0.000332385419359604	0.0037976868634559	0.00149661634565331	0.00653990553469783	0.00302247969271456	0.0517409942092201	0.0866679400248305	0.000899437126443452	0.00165342151581418	0.00253636111441366	0.00325653342017422	0.0183880820295456	0.00239333168275976	0.00251572327044025	0.0116186388718578	0.0129458880506659	0.00355355046041654	0.00346161677866015	0.00155826558265583	0.00425367362722351	0.00166005344562313	0.00881604973156259	0.00528767027348811	0.00227829749042079	0.182074209674013	0.00685255198487713	0.00626852062913153	0.071140654833463	0.000756925871726296	0.00127863612147043	0.0176705891490932	0.00172634627164894	0.0105394686803933	0.000486322188449848	0.001180067585689	0.00232208127284455	0.00491071428571429	0.00181441161223432	0.012921751615219	0.000756253635834788	0.00179433502798308	0.0438623682579045	0.00172530977152716	0.0032173831950014	0.0030563872255489	0.00231542736173591	0.00144434608395844	0.00749241274658574	0.0149915966386555	0.0671536948581062	0.000867773077340276	0.00400981996726678	0.0382043935052531	0.0866489388389945	0.00136453226866124	0.0209944751381215	0.00829547698992692	0.0100915825701452	0.00578840175795905	0.0078669074026309	0.000602385446367616	0.0108418584100873	0.00150981378963261	0.00402769606733946	0.014729348226341	0.00598358787326191	0.0381739918441323	0.00218538457438303	0.102450366660705	0.0433439345751931	0.00671307807061164	0.110046053336189	0.00873709293089754	0.00553628242230331	0.00489351609117919	0.026648826448124	0.000361474817254398	0.000832598687432657	0.0111722850059564	0.0154583061180057	0.0769153864098377	0.00184189565909996	0.00763325097070244	0.0850790311742192	0.00378014666969078	0.0291982709403801	0.0175873974967631	0.0731770029826185	0.019112350412455	0.0412189073420004	0.0181748466257669	0.010714411588482	0.00766780700719594	0.0723051641550995	0.0178965145189286	0.0232603343268109	0.0438469629240074	0.00145357827673656	0.176546576718817	0.070431490419352	0.00142172259877666	0.161389535112969	0.00733625775223113	0.0106113250070429	0.00610005731597478	0.201358535144714	0.0156690487117288	0.153655172413793	0.074731870510676	0.00399713026545045	0.00179514255543823	0.0218255145009193	0.00555771472988729	0.00957552862164857	0.00149964714184898	0.00407051066406513
"BIGb0170"	0.0235206550055824	0.0135236664162284	0.031160404406217	0.00258878194490541	0.0013558143577264	0.0156731502037841	0.016227627930426	0.0210500911723694	0.0135166876641541	0.0301139812504215	0.0162189949877908	0.0275721215215726	0.0391253186899392	0.00226210224702157	0.0022190314580342	0.0151230820178828	0.0237429482462595	0.00330358675133002	0.0217244425965386	0.0431298609474428	0.05396049684382	0.016586941666149	0.0473936385152687	0.0308971463765141	0.0329683649145489	0.00237304224015187	0.00317612734054733	0.0355601588123597	0.0287610619469027	0.0239796536272254	0.020023927964234	0.0263217267052719	0.0307038487250501	0.017843672024604	0	0.000752982205841557	0.00211674672311325	0	0	0	0.0348252605763335	0.00293378038558256	0.0198535319201533	0.0272449602932193	0.0161924119241192	0.0298811783730577	0.019556239371609	0.029895450692286	0.018839513954547	0.0191929303738479	0.0271069492360769	0.0537570888468809	0.0446774561203556	0.01562831482922	0.0098904980572236	0.019286094832179	0.035651869975533	0.0142562788884558	0.0178736350301516	0.01209726443769	0.0176473743496218	0.0205977209202322	0.0458333333333333	0.00939606013478486	0.0199409747148441	0.0107038976148924	0.0211047977100867	0.0231452779499897	0.0117111936006692	0.00881283222978644	0.0403567864271457	0.00820322836729293	0.0144900526487444	0.0322458270106222	0	0.00112391121101433	0.0146979064974509	0	0.00198981216173193	0	0	0.00097497562560936	0.0017776022121272	0.00285830951408738	0.0139350412691607	0.0288023385779383	0.0126902534034778	0.0282092240764028	0.0120225912878152	0.0308639181789383	0.0510208256617978	0.0221107818554821	0.0301314000906208	0.0232396993763659	0.00876408513682704	0.0279266999848554	0.0371456986573844	0.0390382349791153	0.0464136478226336	0.00316358995560189	0.0331810351284548	0.0490606009923622	0.00835408466543497	0.0167499265354099	0.0212820760488103	0.022985288171441	0.0273602826007265	0.00995619275189168	0.0347246734909989	0.043357583194554	0.0468360172374688	0.0189217845200228	0.0490576895410732	0.0187699269772704	0.0225107470663414	0.0479446907642594	0.0429064417177914	0.0421527508546858	0.035743777279698	0.0354183420160134	0.0246047755312661	0.0356356096928858	0.0421377859584539	0.00649471144924847	0.0131692263528061	0.0326869165631051	0.0297569846255579	0.0152202200228698	0.0441688095598245	0.0254797007543744	0.0417997216081225	0	0	0.00170114942528736	0.00137754600019679	0.000717433637388542	0	0	0	0.0583189044545884	0.00877734650670431	0.0105295027921685
"MYb396,MYb69,MYb21"	0.0172683289914403	0.107851239669421	0.0325939339067451	0.0118818453368735	0.00458891013384321	0.0103383147221578	0.0303440887320393	0.0151238871607852	0.0123636053041789	0.0814729884669859	0.0290965171571777	0.0200833971576887	0.00970778584036086	0.012969386216257	0.00528651612061089	0.012749751628215	0.0255580083394653	0.0156169555517419	0.013772672937997	0.020740042422814	0.0282359329396593	0.0359073119214761	0.0172025630664435	0.0283822623691234	0.0108682477475658	0.00528849413519561	0.00173579052332238	0.0159963173945566	0.0122332118688183	0.0528642364054741	0.0283987154461306	0.0777619011807174	0.0783592780059211	0.0143039517205362	0.00570697103845538	0.0133951571354972	0.0380200276805341	0.0491803278688525	0.0450606585788562	0.059559748427673	0.0334150827713059	0.0328303995529478	0.0158982757555157	0.0312360008144981	0.0159891598915989	0.013815650706602	0.0083812454449753	0.0408589997174343	0.0113457295934447	0.0183644585591494	0.0336196578187707	0.0217785129174543	0.0254729883747436	0.072554981967329	0.0206893071605187	0.039957378795951	0.0208940153015651	0.0227209444784764	0.0185798880860542	0.00838905775075988	0.00364748162849327	0.00623521823263814	0.027827380952381	0.0165241057542768	0.136156975352955	0.0232111692844677	0.0437048746101594	0.0532651374250878	0.0122340147435562	0.0250396344306631	0.0447854291417166	0.0231542736173591	0.0238084144807343	0.0565250379362671	0.0397983193277311	0.0599044675470638	0.00558628918537802	0.0153027823240589	0.0760108245781598	0.0151522753499574	0.0414918886137363	0.171985700357491	0.0413457107116993	0.0265414454879543	0.0106656662021653	0.015991746195512	0.0192361752540059	0.0498929408965775	0.0222557736397696	0.010725437842241	0.027126549650178	0.0572144973786186	0.0342659719075668	0.00740898672778637	0.0221069576104454	0.0349840981372104	0.0323222277473894	0.0770590125307915	0.0269364920399213	0.186094584149695	0.0217961201408134	0.0148296816636004	0.0102819503574584	0.0152316583406798	0.099906629318394	0.0303567540667475	0.0601193054953844	0.021505376344086	0.0262972114366396	0.0573231659216408	0.013117108943827	0.0410243862653943	0.0580492015537333	0.0185128046899105	0.0965202741954223	0.0205906665664688	0.0633435582822086	0.0450075776266169	0.0143918839211985	0.164679556658858	0.0790918046629451	0.0720811196060645	0.0752366552721536	0.0257314282179749	0.054794028993828	0.0461547354122713	0.0661927591337411	0.0395489136863688	0.0440427570211264	0.106927098006073	0.0913370998116761	0.0271707028942705	0.0826722611945191	0.0764137931034483	0.070304044081472	0.0250760138020566	0.0519007391763464	0.0606132495107052	0.0175670423630004	0.0318222362138622	0.0530169371912491	0.0297382762564758
"MYb58"	0.00427986602158541	0.0280616078136739	0.00282933454051607	0.00723531364088948	0.000660524943507735	0.0011597468438318	0.0534093773632468	0.00233294004075941	0.0073882684546561	0.0397248263303433	0.00161932913507261	0.00599948940515701	0.00166699352814277	0.00633388629166038	0.000978984466779794	0.0032564300695441	0.13402011282806	0.00600652136605457	0.00327425809469362	0.00441904312986095	0.00746623226769836	0	0.00738902037753276	0.00410593307329091	0.000888852975637348	0.000610210861753339	0	0.00293457621267046	0.00149661634565331	0.00217996851156594	0.00151123984635728	0.0360983680529443	0.0700506159870117	0.000551267916207277	0.000586697957224385	0.00194190147822296	0.00455914678824391	0.0117185065137443	0.00202195262853842	0.00226415094339623	0.00769466584917229	0.00763714259104033	0.00276558927136765	0.00191407045408267	0.00237127371273713	0.00400759333473951	0.00206494452992145	0.00514269567674484	0.00451728122701964	0.00234733680831233	0.0962472717031613	0.00665563957151859	0.00438796444039207	0.0385404143978502	0.00065600242216279	0.00111880660628663	0.0113790826828226	0.000668263072896364	0.00510675286575759	0.00060790273556231	0.00123370702140213	0.00227907976779187	0.00550595238095238	0.00103680663556247	0.00598229241445322	0.000988947062245492	0.000897167513991541	0.0287249431700765	0.00141161708579495	0.00303086822717523	0.00224550898203593	0.00129002381582429	0.000745468946559195	0.00441009104704097	0.0117647058823529	0.0626018544534982	0.00103048052934158	0.00360065466448445	0.0134511302133079	0.121368722091215	0.00101076464345277	0.014169645758856	0.00553031799328461	0.00688327597270023	0.0042341086933219	0.00558851345542086	0.000522067386851934	0.00737518268021616	0.00111838058491305	0.00330361587545821	0.00863303465488319	0.00262138135400046	0.0219188944268237	0.00133255156974575	0.0706134859595779	0.0285930637588975	0.00581800099453008	0.0811823926314662	0.00597437579859792	0.006237305196556	0.00274636107158016	0.0253108100574232	0	0.00107748065432462	0.00782381918284555	0.0100463438151224	0.0509881027760189	0.00139386698526483	0.00533886339569361	0.078271540012271	0.00343993346941861	0.0370279748796999	0.0109336786073946	0.103723130720971	0.0128383873591263	0.073833320808597	0.0163726993865031	0.00740140274204349	0.00519051551256341	0.0544386559910493	0.0182014354740348	0.0125048594013218	0.036287141730213	0.00108245190820808	0.0630472226209272	0.0691309499725441	0.00168622912878162	0.0715665786049446	0.00695810013613674	0.00500829498857483	0.0051584377302874	0.134908446544595	0.00930964400445814	0.122758620689655	0.0547574535078225	0.00314304260189266	0.00237592397043295	0.0166063697289603	0.00415856976292266	0.00453853822341151	0.00176429075511644	0.00121106102401938
"JUb19"	0.019352437662821	0.0146882043576258	0.002640712237815	0.00411549950215732	0.000382409177820268	0.00205440869478777	0.0166057474161835	0.00351281776252279	0.00185774380218232	0.0499426721521549	0.000848220023133273	0.0219555782486597	0.00137281819964699	0.00429799426934097	0.00045685941783057	0.00320123633955183	0.0275692911454501	0.00484812081688691	0.003690036900369	0.00382983737921282	0.0141858413086269	0.000559110393240977	0.013623506321076	0.0263292958324779	0.00105046260757141	0	0.000258521992835248	0.00258933195235629	0.00123633524206143	0.0173186387307739	0.00157420817328884	0.0127848386854178	0.03977652564225	0.00388788951430395	0.000586697957224385	0.00285340625371537	0.00268664007164374	0.0248083276195225	0.00198068828918049	0.00352201257861635	0.0123237277743716	0.0118282574275868	0.00324454607255423	0.0073712074933822	0.00206639566395664	0.00175771637488575	0.00198396631306179	0.0209663746821136	0.0102251637076724	0.00279609237460734	0.0157361120889953	0.0219360428481411	0.016241167084568	0.0193762817339651	0.00050461724781753	0.00138518913159297	0.0201172861081984	0.00640418778192348	0.00939859835931982	0.000729483282674772	0.00128734645711527	0.00210707374758117	0.0109375	0.000777604976671851	0.0398021855308287	0.000523560209424084	0.00166616824027	0.0481504443066749	0.0027709520573012	0.00186514967826168	0.0032435129740519	0.000893093410955279	0.000465918091599497	0.0408289074355083	0.025546218487395	0.0329305984827199	0.000922008894674043	0.00327332242225859	0.0228430436166826	0.0132456976569164	0	0.0150796230094248	0.0267957074198433	0.0589745085457621	0.00428770500589559	0.0150459977645946	0.0029316091723224	0.0383033681133807	0.00123021864340435	0.00171969045571797	0.0114970745877828	0.0054707089126966	0.0114975079293158	0.00309151964181014	0.00790556251117868	0.0404664546418295	0.0428145201392342	0.0253293349041448	0.0269019580757675	0.00436791113188216	0.00631663046463436	0.00512906283101968	0.000481966423005864	0.000538740327162308	0.0353198750764674	0.0507293707816242	0.0315259772719699	0.000398247710075667	0.0219731733145076	0.0210068074911619	0.00185227186814848	0.0197781583883859	0.0609264853977845	0.0100791936645068	0.00557685604740328	0.0098444427744796	0.131710122699387	0.0620308039333169	0.00206440957886045	0.0119925876717597	0.00494910165595534	0.100492419333938	0.0131803839074415	0.0011752335003402	0.0272714224199799	0.0355192046472645	0.00317407836005951	0.0171523204920942	0.0130338325013866	0.00773155538861239	0.0313190862196021	0.0100413467217956	0.0536287943355405	0.0268965517241379	0.0352258191478894	0.0032796966280619	0.00269271383315734	0.0263329577130657	0.00610182666148465	0.0337635762631827	0.00105857445306987	0.00131198277602099
"MYb186"	0.00949013770003722	0.00484598046581518	0.01584427342689	0.0161301028874876	0.0204415087780289	0.010006958481063	0.000819258885807915	0.0106457148986378	0.00239157822809677	0.0108248465637014	0.00935612389153065	0.00744617479363458	0.00730535399097862	0.0192278690996833	0.020493408171257	0.00844464068881775	0.00269806230071131	0.0200789428522396	0.011433917156073	0.0132571293895828	0.0109957238851558	0.0112443312418463	0.011314437453097	0.0074933278587559	0.00569673952567573	0.0192555427486609	0.00926986002880674	0.00563898958513148	0.00527069234773555	0.0314278793750757	0.0147345885019835	0.0147401669549522	0.00764014898290517	0.00768873672604886	0.0142407595071737	0.0204097808425475	0.0143287470487666	0.0104095244031665	0.0191053891227201	0.0213836477987421	0.0109748620478234	0.0248672813635094	0.011386811692726	0.0188963551211566	0.0117208672086721	0.00857765590944245	0.0107701028423354	0.00638598474145239	0.0191196554259901	0.00935482757430357	0.00770963880870239	0.00854599873976055	0.013277866423524	0.00473799589845131	0.0146339001867084	0.0146510388918487	0.00594197832925551	0.0100796346828535	0.00831205519639268	0.0129483282674772	0.0100305744783565	0.0139324876370673	0.00721726190476191	0.0213193364437532	0.00598229241445322	0.0127981384525887	0.013243901397018	0.00914445133292002	0.0117634757149579	0.0263452392054462	0.0132235528942116	0.0178618682191056	0.0158878069235428	0.00872534142640364	0.0107563025210084	0.00449564484405732	0.015619915392125	0.0115384615384615	0.011779687997453	0.00481661732978777	0.0182443018143225	0.0114397140071498	0.0139574692211469	0.0184915125707286	0.0116839961410655	0.00838277018313129	0.0114051644512269	0.00774903986677089	0.017055303919924	0.00488754129519844	0.0145656888016039	0.0135627991793937	0.0142727684639783	0.0121528703160812	0.0483276694687891	0.0176283507496592	0.0115862754848334	0.00771125629217093	0.00714853057982526	0.00109647151870293	0.00534292063016503	0.0104811283938228	0.0152622700618524	0.0104809481829758	0.00566663446987991	0.00696712388417157	0.0129969673742793	0.0114496216646754	0.00675079421108366	0.00847284307710287	0.0163302336130642	0.00424108963379822	0.00852395338800173	0	0.039560822586267	0.00777786127602014	0.00797546012269939	0.00606210129348324	0.0249793559042114	0.036886822139086	0.0402964769901956	0.0119541272515226	0.0106494872469103	0.0130512772932517	0.00678197215444237	0.00812115256784486	0.0137543395602579	0.0115137415717046	0.00892451973982756	0.0105487213196857	0.00491279783836895	0.0262847017129356	0.0129154920343539	0.0155402298850575	0.0104791892157827	0.0101123979365242	0.0269799366420275	0.0118616926635431	0.0116595413913719	0.00718820504748413	0.0158345095271701	0.0129852654242078
"CEent1"	0.009080759211016	0.0033809166040571	0.004753282028067	0.00610687022900763	0.0104988701547019	0.00397627489313761	0.00100831862868667	0.00439772605384533	0.00132390937626786	0.0116341808862211	0.00436961830098959	0.00404220917368735	0.00269660717787802	0.00769114763987332	0.00939825088108602	0.0038635610994591	0.00333578611724307	0.00510554316114639	0.00488540096668572	0.00571529578128683	0.01262472001629	0.00534261042430267	0.00588812561334642	0.00292547731471977	0.0025453517029615	0.011390602752729	0.00638918639435683	0.00414293112377007	0.0034487246225924	0.027007387671067	0.0063598010200869	0.0157930360231631	0.00912042784834304	0.00429408692624616	0.00992052909488506	0.00982839931835295	0.00985101359602703	0.00666957551580128	0.0120491870925146	0.00987421383647799	0.00671367259350092	0.0129924559932942	0.00696804894629504	0.0143351659539809	0.00647018970189702	0.00527314912465725	0.00518260587901854	0.00474710370161062	0.00906958013796967	0.00483275225240775	0.0882207984228684	0.00496219281663516	0.00911784818782767	0.0951134997524928	0.00625725387293738	0.0110282365476825	0.00951493261874248	0.00478921868909061	0.00581300592166024	0.00693009118541033	0.00520302526417422	0.0100193506772737	0.003125	0.0153576982892691	0.00366913934753131	0.00663176265270506	0.0106805656427564	0.00811117999586691	0.00371203011449783	0.015573999813485	0.00561377245508982	0.0175972479491929	0.0116013604808275	0.00312974203338392	0.00625210084033613	0.00359651587524586	0.00623711899338323	0.0130114566284779	0.0140878701050621	0.00270934724800562	0.0183453782786678	0.0117647058823529	0.0121798670090197	0.0163915300705827	0.00487726444420624	0.00421287937408649	0.00771053371350548	0.00390850695034497	0.0111278868198848	0.00271530071955469	0.00789656724356614	0.00729427855026214	0.0095151789759855	0.00650285166035926	0.114469683419782	0.0171134332878994	0.00984584783689707	0.136446396058691	0.00438581344752564	0.00129419589092805	0.00374503782488203	0.00579807102637007	0.0106835890432966	0.00685669507297483	0.00376702405099971	0.00506982675499984	0.0275602359449462	0.00761648745519713	0.00335333568655136	0.0139947994273527	0.00404475693656914	0.00171274773672621	0.00712127751402676	0.00056566903219171	0.0323573835250378	0.00511009243255429	0.00414110429447853	0.00694322066753604	0.0085525539695647	0.022236984720814	0.0140029084768026	0.0210250097188026	0.00785564028398633	0.00702047380466382	0.0333357255633702	0.0254616918586168	0.0122334270127294	0.11182524348409	0.00766399435284627	0.00948445863461358	0.00212887906329321	0.187005316007088	0.00662164820035403	0.0338850574712644	0.0193840401456263	0.0077209524785624	0.019376979936642	0.00889626949765732	0.00753983676642052	0.00377774279867779	0.0102769936485533	0.00703088205611249
"MYb388"	0.181205805731299	0.0562359128474831	0.151652331371661	0.111915034848988	0.0782200590996002	0.143444116769939	0.276247794303	0.201464120991097	0.24419721979031	0.0977945639711337	0.080503791286467	0.228235894817462	0.190184349872524	0.0928215955361182	0.0680067876256363	0.230599403907716	0.147019867549669	0.111592586236485	0.212307052647991	0.189901013433891	0.142401411796647	0.078461825184817	0.275529642671593	0.247279819338945	0.161246010262212	0.0596650620381043	0.0902241754995014	0.25041717014788	0.178097345132743	0.103609058980259	0.107738807379888	0.0621192750244416	0.0870499474739757	0.130447397435153	0.00128006827030775	0.00424047873816035	0.01327037368721	0.0107211868104469	0.00441528431129818	0.0029559748427673	0.124218270999387	0.00549501723013877	0.154193189543292	0.200081449806557	0.142682926829268	0.25261899739858	0.191432504656247	0.265272675897146	0.297055012781455	0.147088266767924	0.0111244103358445	0.19833018273472	0.141953498974242	0.0370553709072909	0.0385527577332593	0.106073521576985	0.157326498116432	0.146906498858384	0.160917042429511	0.0899088145896657	0.148473958053961	0.186325521393249	0.128125	0.0859901503369622	0.12913775225333	0.0716114019778941	0.10411415388559	0.139956602603844	0.165316045380875	0.108085423855264	0.140843313373253	0.0781952897591956	0.0493407259003867	0.23771813353566	0.00658823529411765	0.00320314695139084	0.120186571211628	0.00826513911620295	0.00493473416109519	0.00536852139882595	0.000555920553899025	0	0.00493778392257555	0.00968325263956134	0.256565548290278	0.28011348981171	0.0830488735392153	0.141148081432893	0.1054632891573	0.255690817758067	0.197618755370075	0.114087075450194	0.187471681014952	0.133201854911785	0.00794133428724736	0.141965773133424	0.177772252610641	0.0371104209060726	0.315640432365231	0.0098502687253968	0.19948568147205	0.213803869097396	0.105028516346695	0.113233421490841	0.174216813162046	0.224938571117539	0.0714166694437964	0.0929410593389088	0.225335333568655	0.104391270049961	0.122363347697891	0.120626376315146	0.0380520788375773	0.0816106140080222	0.0166434297664692	0.0886751333884422	0.144478527607362	0.244281535262397	0.199421965317919	0.0267473165273941	0.031875967537646	0.0820266943112608	0.0409216408098869	0.0497927877775716	0.0159322520453567	0.0665876708765643	0.0810381881302695	0.00867473680059935	0.170044874703777	0.0360284220740602	0.228158519610251	0.00206733608978145	0.00255687405756245	0.00280459770114943	0.00659254157237036	0.00420211130470431	0.00295670538542767	0.00563430401518297	0.00598523124757093	0.263104045332914	0.0899788285109386	0.0865235820493844
"MYb375"	0.0157052474879047	0.00300525920360631	0.00494190433076807	0.0438765350149353	0.0244741873804971	0.00301534179396269	0.00296193597176708	0.00635525045586185	0.00162285665477995	0.00478856140824172	0.00269888189178769	0.00651008424814909	0.00294175328495783	0.0507464937415171	0.0234956272027151	0.00579534164918865	0.00294334069168506	0.0391711000514845	0.00649654383867782	0.0041833608296017	0.00665173420213127	0.00341678573647263	0.00519540495295272	0.00795524532950113	0.00262615651892853	0.0266458742965625	0.0369317132621782	0.00414293112377007	0.00429463820926601	0.0127770376650115	0.00510043448145583	0.00699405881025795	0.0059211154617515	0.00362676260662682	0.0292815616832898	0.0111362105179725	0.00944394691850525	0.0135261484759708	0.00821160353222745	0.00654088050314465	0.00502759043531576	0.0109900344602775	0.00687534762993634	0.00610873549175321	0.00338753387533875	0.0044645995922098	0.00457526925257106	0.0114721672788923	0.00703855447000735	0.00483275225240775	0.025311553897064	0.00677378701953371	0.0116252564394803	0	0.00373416763384972	0.0138518913159297	0.0147190182142996	0.00517903881494682	0.00320530233063508	0.00322188449848024	0.0042911548570509	0.00679423779832294	0.00669642857142857	0.00881285640228098	0.0177873494456409	0.00354857475276323	0.0135429572350152	0.00935110560033065	0.00470539028598317	0.00545556280891542	0.00293163672654691	0.00903016671077004	0.00256254950379723	0.0236153262518968	0.0158655462184874	0.0100028097780275	0.00574899663737933	0.0167757774140753	0.0101878382680675	0.00351211680297025	0.00399252034163845	0.0101397465063373	0.00849298834682994	0.0162748643761302	0.0105584735770179	0.00502966210987877	0.00373478976747922	0.0219216259388913	0.00430576525191523	0.00312259582748789	0.00519618673540363	0.00478687029860953	0.0238445854100589	0.0063962475347796	0.0450366660704704	0.0125397546569741	0.0100447538538041	0.00412338010067474	0.010567393031046	0.0034871389283339	0.0052180860360023	0.0036237943914813	0.00301229014378665	0.00254677245567636	0.0155188512186484	0.0107306149108892	0.00946445829306495	0.00323576264436479	0.00675079421108366	0.00464545534227364	0.0106222121418311	0.0235298915259767	0.00427995971802618	0	0.021000348553503	0.00371984669722702	0.0116947852760736	0.00933986536495965	0.0130057803468208	0.00608370336701514	0.00858469765914528	0.0252364908643255	0.00292532211412043	0.00417517164594544	0.0301062150136357	0.00456634201323661	0.00409985121507687	0.0184141003903632	0.00453789139313266	0.00403793783453845	0.00487185785638254	0.0131128174837566	0.0373041368911034	0.00639080459770115	0.0177113057168159	0.0100440709234396	0.00480464625131996	0.0110313741770951	0.00734551107656432	0.00834251534708012	0.00445483415666902	0.00407051066406513
"MYb541"	0.0160774097506513	0.00597295266716754	0.00113173381620643	0.0411549950215732	0.0132104988701547	0.00129228934026972	0.00620746155785228	0.00262790947120026	0.00064060131109735	0.00681189721454104	0.00107955275671508	0.0152752957195132	0.00132378897823103	0.0432815563263459	0.0167732671974938	0.00402914228943592	0.00382634289919058	0.0586064870430753	0.00384595395249727	0.00288710817817582	0.00889160388244078	0.000745480524321302	0.0093517289153149	0.0152432765345925	0.000767645751686801	0.0145772594752187	0.0173948369464859	0.00235916911214684	0.00117126496616346	0.0170764200072666	0.00144827151942573	0.0117319696172069	0.0111737178874988	0.00153774734520977	0.0200010667235586	0.00396306424127135	0.00350077342668729	0.0163934426229508	0.00193942394982256	0.00308176100628931	0.00763335377069283	0.0095929961814287	0.003213645633768	0.00961107717369171	0.00142276422764228	0.0023553399423469	0.00174103166248279	0.00892907601017237	0.00906958013796967	0.00162242397045117	0.0160881503907625	0.0124448645242596	0.021483929792569	0.00495014496853122	0.00136246656910733	0.0014917421417155	0.00598081478892384	0.00367544690093	0.00423751833541587	0.00158054711246201	0.000697312664270772	0.00124704364652763	0.00818452380952381	0.00272161741835148	0.0518465342585946	0.000756253635834788	0.0014952791899859	0.02159537094441	0.0028755162858786	0.0032173831950014	0.0030563872255489	0.00430007938608097	0.00144434608395844	0.00806145675265554	0.0225210084033613	0.0346726608597921	0.00157283870267925	0.00474631751227496	0.0105858007004139	0.00782700316090512	0.00101076464345277	0.026974325641859	0.0411481993547962	0.0375663536137199	0.00444849394361668	0.00898461009371507	0.00132524798200875	0.0145464432586752	0.00106246155566739	0.0014481603837625	0.00519618673540363	0.00359015272395715	0.0224286361576801	0.00181227013485422	0.00804864961545341	0.0158412842647282	0.0229736449527598	0.00899646567419942	0.0117760817764271	0.00204914349396941	0.00249669188325469	0.00496181078218208	0.00100409671459555	0	0.03828197945845	0.0148362414854903	0.0200286599793382	0.00109518120270808	0.0194581715495941	0.00707044146434102	0.00453617600362894	0.00774814452328521	0.00823622500359661	0.00642805718399671	0.00270128964796096	0.00743969339445405	0.0116564417177914	0.0124061607866634	0.00840509614250324	0.00402083843222265	0.00628606276680584	0.0166191525204095	0.00295819090191954	0.00182470464526505	0.00588488589062724	0.00936389121701685	0.00380228136882129	0.00623003824770317	0.00854636212373317	0.00704291482768335	0.0251780889216409	0.00880094506792676	0.0148823182324789	0.0115402298850575	0.00797008757256716	0.00105906870281166	0.00337909186906019	0.0236047684004507	0.00606296152351341	0.0136418489952254	0.00185250529287227	0.00168202920002691
"unknown"	0.00826200223297358	0.00349361382419234	0.00437603742266486	0.0170594092266844	0.00382409177820268	0.00603068358792538	0.00598689185782707	0.00399549501233509	0.00503939698063249	0.0036757267147771	0.00280169644004627	0.00821206705812271	0.00505000980584428	0.0146282611974061	0.00319801592481399	0.00585053537918092	0.0048074564630856	0.0199073279560666	0.00675640559222494	0.00506716945557389	0.00522636258738885	0.00385164937566006	0.00583039889164694	0.00780127283925272	0.00371702153448346	0.0026442470675978	0.00409942017210178	0.00477587893434605	0.00605153565851119	0.00339106212910258	0.00289654303885146	0.00255696773708355	0.00296055773087575	0.00284338188359543	0.00320017067576937	0.00483493837435105	0.0123748269966621	0.0107211868104469	0.0049104563835933	0.00635220125786163	0.00576333537706928	0.00926702058303064	0.0058247327112045	0.00443901445734066	0.00409891598915989	0.00534345777965268	0.00498016033686938	0.00983328623905058	0.00630318310746927	0.00655873519969623	0.00450609026262057	0.00760081915563957	0.00786414406200137	0.002333639770879	0.000908311046071555	0.00309003729355354	0.00524292205522545	0.00618143342429136	0.00450915412614766	0.00437689969604863	0.00525666469988736	0.00455815953558375	0.00751488095238095	0.00259201658890617	0.00614182021217197	0.00197789412449098	0.00106805656427564	0.00635461872287663	0.00663982851466513	0.00237806583978364	0.00442864271457086	0.0031754432389521	0.00265573312211713	0.00886760242792109	0.0119663865546218	0.00370890699634729	0.00357956394402864	0.00900163666121113	0.00382043935052531	0.00456575184386132	0.00495274675291858	0.00701982450438739	0.0102705905589571	0.0116082365980284	0.00546682388251688	0.00726506749204712	0.00188747439861853	0.0126091832919825	0.00324330369624783	0.00619993664298321	0.0065054621333006	0.00364713927513107	0.00390801993656547	0.00495709183945419	0.00125201216240386	0.00487657125548993	0.00740924912978618	0.002195566027632	0.00980764581966364	0.00408031204500926	0.00252165880208723	0.00752634219769192	0.00152622700618524	0.00279165442256832	0.00882191957242667	0.00948648564585861	0.0022661379011564	0.00248904818797292	0.00692728556300741	0.00338913723084115	0.00570802147123308	0.00619851561862817	0.00676161703352036	0.000514244574719737	0.00136516788660393	0.00687608025851056	0.0106978527607362	0.00747189229196772	0.00663560221776572	0.00381105555749799	0.00387015058404091	0.00874692237916289	0.00397712332369182	0.00287622935609575	0.0027630256925506	0.00410392763214936	0.00350471152256571	0.00358818658570246	0.00579841678011395	0.00353710833568097	0.00712355686563498	0.00265800354400473	0.0121287615551039	0.00519540229885057	0.0100364065728623	0.00485121792900823	0.00464625131995776	0.0122768519067671	0.00711232024873688	0.00267590114906343	0.00326393789696542	0.00423871358406782
"MYb264"	0.000223297357647935	0.000112697220135237	0.000188622302701071	0.0108861599734484	0.00191204588910134	0.00159050995725504	0.000157549785732291	0.000858092888555186	0.000234887147402362	0.000101166790314966	0.000899627297262563	0.000638243553740107	0.000196116885663856	0.00836977831397979	0.0022190314580342	0.000496743569930456	0	0.0149304959670499	0.000519723507094226	0.000117841150129625	0	0.000869727278374853	0	0.000153972490248409	0.000161609631934063	0.00169503017153705	0.0028806736344499	0.000115081420104724	0.000520562207183758	0	0.000566714942383981	0	0	0.00200197295885801	0	0	0	0	0	0	3.06560392397302e-05	0	0.00208577961807058	0.000203624516391774	0.000203252032520325	0.000386697602474865	0.000647825734877318	0.000226052557219554	0.000560282942886158	0.00100107010942732	0	0.000157529930686831	0	0	0	0	0.000194182298341683	0.00200478921868909	0.000651925897756288	0.000243161094224924	0.000858230971410181	0.000129004515158031	0	0	0.000398819494296881	0	0	0.000361644967968589	0.00156846342866105	0	0.000748502994011976	0	0	0	0	0	0.000216943269335069	0	0	0	0	0	0	0	0	0.000343908520333591	0.000602385446367616	0.00159738979709751	0	0.000226275059962891	0.000490978274211366	0	0.000169913910285455	0.00101273919300677	0	0	0	0	0	0.000431398630309349	0.000599206051981125	0.000501756146512795	0	0	0.000289771080846132	0	0	0	0.000132368513942817	0	0	0.000244678248103744	0.000107898144151921	0.000154273372415921	0	0	0.00053680981595092	7.04895499242237e-05	0.000117966261649168	0	0	0.000259168070493715	0	0	0	0	0.000595139692511159	0	0.000378157616094388	0	0.000245639891918448	0	0	0	0	0	0	0	0	0.00013117162495409	0	0
"BIGb0393"	0.0624488276888723	0.0157776108189331	0.00460238418590614	0.0475273813474942	0.0411958977924561	0.0138175552536532	0.0282644315603731	0.0101630376488255	0.00392902137473041	0.0400620489647265	0.00498650559054106	0.035869287720194	0.00514806824867621	0.0558739255014327	0.0430753165383109	0.0114251021084005	0.0130488103998038	0.0437617985241119	0.00977080193337145	0.0126679236389347	0.0117423471119256	0.00304404547431198	0.0301333487271258	0.039519605830425	0.00618156842147792	0.0409519289443352	0.075414558481368	0.0131768226019909	0.0148360229047371	0.0131403657502725	0.00711542094326554	0.0470782883357148	0.0627924744532518	0.0153774734520977	0.0582431062990026	0.0106606428090199	0.0310184808271595	0.0740509879698311	0.00899562598002806	0.0109433962264151	0.0148068669527897	0.125267765670113	0.00920833075829677	0.00753410710649562	0.00474254742547425	0.00762848906700415	0.00587092072232569	0.11630404068946	0.0271387050460483	0.00586834202078083	0.118672111525734	0.0223298676748582	0.0663323455664463	0.0326002404356128	0.00585356007468335	0.00522109749600426	0.0867994873587324	0.00774071392771621	0.0116260118433205	0.00668693009118541	0.00713404494984713	0.00903031606106214	0.0328869047619048	0.00777604976671851	0.108558666347611	0.00354857475276323	0.00623745033536976	0.0603947096507543	0.00643070005751033	0.0046628741956542	0.00380489021956088	0.00787245302990209	0.00307505940455668	0.137613808801214	0.0986218487394958	0.0682776060691205	0.0103590411107495	0.0216039279869067	0.031279847182426	0.0230294516080478	0.00631727902157983	0.0538186545336367	0.0695239976298637	0.0706410779910167	0.00830742844892271	0.0183561172728054	0.01060198385607	0.130544132141522	0.00536822680758262	0.0070597818708422	0.0337547563520314	0.00444495099156599	0.0579972813774354	0.00954106923937956	0.0786621355750313	0.0653642283810389	0.0574341123818995	0.0256506372496519	0.0833649894671409	0.0180468427012744	0.0109604773674881	0.0246975525450187	0.0043778616756366	0.00239984327554119	0.104349785891368	0.0830767316724208	0.0726497150664845	0.0029868578255675	0.0441228379809389	0.0428901159903001	0.0174264761472745	0.1089633798222	0.0133793698748382	0.0037025609379821	0.0381666085744162	0.0257759074171489	0.0797162576687117	0.0910020089521728	0.0345641146632063	0.0227264780951715	0.0528920579818924	0.109142153686666	0.0131146463318433	0.00593802189645574	0.144789722979762	0.0404034565474986	0.00657959993387337	0.0692007412956902	0.0110422023899561	0.00707421667136194	0.0439286006714157	0.0488481984642646	0.164820035402872	0.0535632183908046	0.0572665551510381	0.0152710874244132	0.00438225976768743	0.0351699187474053	0.0128643606684804	0.0614932577784774	0.00441072688779111	0.00312857431205006
"MYb11"	0.00316337923334574	0.000976709241172051	0.000150897842160857	0.0515765018254232	0.0149139579349904	0.00112661121972232	0.0028674061003277	0.00109943151346133	8.54135081463133e-05	0.00104539016658798	0.000282740007711091	0.00242532550421241	0.000392233771327711	0.0620570049766249	0.0156637514684767	0.00253891157964455	0.00191317144959529	0.052642869401064	0.0020788940283769	0.00159085552674994	0.00400461548903821	0.000434863639187426	0.00225134214627951	0.00261753233422295	0.000565633711769221	0.0185775306800461	0.0228607305092883	0.00172622130157086	0.000650702758979698	0.0066610148964515	0.000692651596247088	0.00180491840264721	0.0010027695540063	0.00174084605118087	0.0209077817483599	0.00261562239923909	0.00407066677521778	0.00685657296016954	0.00160930923495915	0.00138364779874214	0.00211526670754139	0.00358573158237869	0.00227118225078796	0.00256566890653635	0.000711382113821138	0.000878858187442874	0.00085027127702648	0.00259960440802487	0.00252127324298771	0.000759432496806932	0.00443568260226713	0.00196912413358538	0.0049578299521313	0.000990028993706244	0.00065600242216279	0.000852424080980288	0.00578663249058216	0.00155928050342485	0.00168414190253708	0.000668693009118541	0.000911870407123317	0.000473016555579445	0.00275297619047619	0.00142560912389839	0.00183456967376565	0.000523560209424084	0.00179433502798308	0.0032548047117173	0.00120248862864014	0.000746059871304672	0.000873253493013972	0.00162079915321514	0.00121138703815869	0.00203907435508346	0.00423529411764706	0.00398988479910087	0.000813537260006508	0.00270049099836334	0.00206940464820121	0.00110380813807636	0.00141507050083388	0.00279493012674683	0.00223846204490092	0.00664994458379514	0.00160788937721085	0.00163356547158456	0.000923657684430344	0.00265098732284267	0.000335514175473914	0.000769335203873829	0.00225031709013543	0.00153863688169592	0.00373810602628002	0.00149245775811524	0.00178858880343409	0.00257458730879903	0.00387866732968672	0.00257041876405698	0.00186483406430224	0.000467348516168461	0.00137318053579008	0.00105926297597146	0.00040163868583822	0.000244881966891958	0.00331626903635017	0.00255046499331281	0.00603192588396041	0.000497809637594584	0.00242675608895164	0.00189908551728168	0.00086943373402888	0.00203898540086453	0.00309308013235506	0.00107991360691145	0.000377599628209597	0.00157811678064177	0.00241564417177914	0.00218517604765094	0.00218237584050961	0.00097898674871508	0.00133696111085049	0.00197615653751458	0.00105180120957139	0.000711325539679594	0.00244007463757715	0.00161845033380538	0.0013225326500248	0.000591459327313592	0.00158826198759643	0.00241024196325164	0.00151477933349709	0.006497341996456	0.00314692191699993	0.00239080459770115	0.00624815507232116	0.00112739571589628	0.00110876451953537	0.00320265701915663	0.00151574038087835	0.00257096384910016	0.0011908962597036	0.000639171096010227
"MYb25"	0.0446966877558616	0.00334335086401202	0.138109250037724	0.00789910388317292	0.00535372848948375	0.0194174757281553	0.00623897151499874	0.0107529765097072	0.00333112681770622	0.0184460781007621	0.0162189949877908	0.0051484980001702	0.00558933124141989	0.00595686925049012	0.0056781099073228	0.00331162379953637	0.00397350993377483	0.0116698129397632	0.0144483134972195	0.0037119962290832	0.00142537161474241	0.0158414611418277	0.0045604110142585	0.00261753233422295	0.00557553230172518	0.00366126517052004	0.0057613472688998	0.00109327349099488	0.0040994273815721	0.0288240280973719	0.0456520370253762	0.00579077987515981	0.0013370260720084	0.0141878953171241	0.000320017067576937	0	0	0	0.00305356111248659	0.00572327044025157	0.0172900061312078	0.00237496507404303	0.0269451826215932	0.0447159437996335	0.0399051490514905	0.00137101877241088	0.0162361324803628	0.00141282848262221	0.0398851419967083	0.0217473851358349	0.00672393156375414	0.00807340894770006	0.0161271939822202	0.00982957358036914	0.128475551294343	0.211188066062866	0.00897122218338576	0.0309071671214568	0.027217906231325	0.0516109422492401	0.0139998927211286	0.0478176736185767	0.000446428571428571	0.150725764644894	0.00446677833612507	0.091390343222804	0.144572136540351	0.0134841909485431	0.0322057824018403	0.141145201902453	0.0248877245508982	0.126918496956867	0.153100684899595	0.00208649468892261	0	0	0.0409480420869942	0.00122749590834697	0	0	0.00283014100166776	0.00110497237569061	0.00342353018631905	0.000466662777810185	0.00444849394361668	0.00812483879288109	0.041444118710092	0.00275294837372124	0.126321087065929	0.00461601122324297	0.0104742031831758	0.0381809892865284	0.044404168554599	0.0134321198230372	0.0215346091933464	0.0164773587763138	0.0175534559920438	0.00594409339188176	0.00559450219290672	0.000629123002534467	0.00406960776970514	0.0132129118581703	0.15394810828179	0.0530414340287981	0.00853214849158054	0.0158937513607664	0.0105975272436431	0.223665870171247	0.00463289798799859	0.00236655272153563	0.0262720193543509	0.0013049506565533	0.000935117249316645	0.00437107888511776	0.0142326013709771	0.009694145938228	0.0205138036809816	0.0125471398865118	0.0189630765601038	0.00587392049229048	0.00973401510531501	0.00388752105740573	0.0016434393899553	0.177305622564483	0.0151428161331994	0.00768763908557556	0.0109439576789552	0.00114348803280628	0.00766399435284627	0.0142736407174383	0.00519937771227381	0	0	0	0.00127914985732559	0.00153735779440402	0.0165258711721225	0	0	0.00338422792381552	0.243339802399435	0.218562874251497
"OP50"	0	0	0	0	0	0	0	0	0	0	0	0	0	0	0	0	0	0	0	0	0	0	0	0	0	0	0	0	0	0	0	0	0	0	0	0	0	0	0	0	0	0	0	0	0	0	0	0	0	0	0	0	0	0	0	0	0	0	0	0	0	0	0	0	0	0	0	0.000723289935937177	0	0	0	0	0	0	0	0	0	0	0	0	0	0	0	0	0	0	0	0	0	0	0	0	0	0	0	0	0	0	0	0	0	0	0	0	0	0	0	0	0	0	0	0	0	0	0	0	0	0	0	0	0	0	0	0	0	0	0	0	0	0	0	0	0	0	0	0	0	0	0	0	0	0
"MYb328"	0.0873092668403424	0.441510142749812	0.0296137015240682	0.0184533687354796	0.00657048496436642	0.11981841677988	0.17598311066297	0.0641156280167328	0.0641882513719545	0.142409118500034	0.177843464850276	0.0993957961024594	0.140860953128064	0.0156085055044488	0.00763607884088239	0.0845016006181698	0.120726024037282	0.024154796636348	0.0614313185385375	0.110593919396653	0.167379352474038	0.203764676647823	0.0542631183975062	0.0750359269143913	0.13134822835441	0.007593735168486	0.0120028068102079	0.0622015075666034	0.11699635606455	0.0525009083202132	0.0792141552798942	0.24772505076333	0.161254894470442	0.107265130853595	0	0.00273451432647723	0.0162826671008711	0.00822788755220345	0.00301229677312866	0.00220125786163522	0.190374003678725	0.00717146316475738	0.0982479451208207	0.108735491753207	0.185636856368564	0.0347676298952401	0.0763624584986639	0.1086747668833	0.0454529537416395	0.127929856053022	0.206576075477012	0.0623030875866415	0.0988716662867563	0.23400042429814	0.0448604733309785	0.00378263185935003	0.127383587712144	0.0812496519463162	0.178193078720052	0.223161094224924	0.174059968889127	0.0627391958718555	0.264583333333333	0.00200881285640228	0.0702719948951105	0.027108784176847	0.0039731704191054	0.0585864848109113	0.0961990902912114	0.0640678914482887	0.145895708582834	0.00251389256417042	0.00652285328239296	0.0774848254931715	0.00376470588235294	0.00207923574037651	0.0997396680767979	0.00286415711947627	0.00493473416109519	0.00285986653956149	0	0.00688982775430614	0.00743959444334716	0.00268331097240856	0.032854539607675	0.122904307454217	0.154893377775993	0.119260442510961	0.0236537493709109	0.0508666334796579	0.087803281371466	0.128219740141327	0.114635251472587	0.141996695272107	0.0872831336075836	0.0577010449795547	0.0355544505221283	0.181000321302346	0.0306661601685257	0.666924307515324	0.0609692157890795	0.0967274349110777	0.0827777331512571	0.190714075815457	0.0660356096461573	0.0281173213896924	0.129669743726464	0.00104540023894863	0.126456053653371	0.194028106465656	0.144817418915854	0.0821711116548405	0.19328154222414	0.0647433919572148	0.247182525851051	0.0495228075449012	0.0804447852760736	0.0425756881542311	0.0575380441193819	0.137198000069928	0.282403715344561	0.100751587404432	0.254634499079674	0.00408239005381332	0.0668508683795034	0.125083090084102	0.114961150603406	0.141595362958874	0.103438713255685	0.255923873916174	0.116965528535167	0.00655640874187832	0.0047203828754999	0.00708045977011494	0.00836367214405195	0.00310887909535035	0.00058078141499472	0.00521914477195896	0.00388651379712398	0.0707015058502545	0.011423782639379	0.00137926394402207
"MSPm1"	0.00104205433569036	0.00101427498121713	0.00565866908103214	0.014868901427149	0.00257257083260907	0.000497034361642202	0.00242626670027729	0.000455861847044943	0	0.000404667161259864	0.00071970183781005	0.00323376733894988	0.000392233771327711	0.020208113406726	0.00391593786711917	0.000662324759907275	0.000735835172921266	0.00965333790973056	0.000883529962060184	0.000648126325712939	0.00352949161745741	0.00136671429458905	0.00173180165098424	0.00179634571956477	0.000242414447901095	0.00311885551562818	0.00265908335487683	0.000460325680418896	0.000650702758979698	0.00653990553469783	0.00201498646180971	0.00180491840264721	0.000668513036004202	0.000522253815354262	0.00400021334471172	0.00162485633892125	0.000895546690547912	0.00230630181387521	0.00416769827515062	0.00987421383647799	0.00266707541385653	0.00130390239359225	0.00108151535751808	0.00452046426389737	0.000440379403794038	0.000667932222456584	0.000769293060166815	0.00169539417914665	0.00189095493224078	0.000621353861023853	0	0.002559861373661	0.00336220651926145	0.000636447210239728	0.00156431346823434	0.0068193926478423	0.00170880422540681	0.00150359191401682	0.00108654316292715	0.000851063829787234	0.000697312664270772	0.000731025585895506	0.00305059523809524	0.0399818558838777	0.0223338916806253	0.00221058755090169	0.00905711966505746	0.00640628228972928	0.00057510325717572	0.00312412571108831	0.00517714570858283	0.0449192908176766	0.0100172389693892	0.00663884673748103	0.0080672268907563	0.00595672941837595	0.000596593990671439	0.000490998363338789	0.00899395097102833	0.00220761627615273	0.0151109314196189	0.0194345141371466	0.0138916321021792	0.00192498395846701	0.00128631150176868	0.00146161121141776	0.00076302156539898	0.00227713013628794	0.00106246155566739	0.000362040095940625	0.00208665766539831	0.00176658308639161	0.00441776166742184	0.00143915569532541	0.00171704525129673	0.005936695441466	0.004425658876181	0.00042840312734283	0.00110508685291985	0.000359498858591124	0.000973709834469328	0.00156101912248425	0.00108442445176319	0.00029385836027035	0.00631057020509353	0.00295480700444776	0.00213283567167661	0.00228992433293509	0.0049858806918461	0.00175300201595232	0.000756029333938157	0.00358861430552157	0.0036685369011653	0.0119818985909699	0.00636110142906936	0.00263019463440295	0.00291411042944785	0.00581538786874846	0.00554441429751091	0.00073424006153631	0.0058873199793592	0.00285084877543087	0.00177491454115172	0.0440094018680027	0	0.00167625213144129	0.00796825921639941	0.000433736840029967	0.00534462764080069	0.00575953923686105	0.0145746335871612	0.000472533963378618	0.00419589588933325	0.00124137931034483	0.00393584571484798	0.000785760650473165	0.0143083421330517	0.00943004566751676	0.00139914496696463	0.00327929062385225	0.0380204657727594	0.0960438673215367
"MYb398"	0	0.000187828700225394	0	0	0	0	0.000346609528611041	0.000160892416604097	0	0	0	0	0	0.000527823857638365	0	0	0.000981113563895021	0	0	0	0	0	0	0.000821186614658181	0	0.000271204827445929	0	0	0	0.00260385127770377	0	0	0.000382007449145258	0	0	0	0	0.000560992333104781	0	0	0.000337216431637032	0.000372543541026357	0.0002008528521105	0.000733048259010385	0	0	0	0.00033907883582933	0	0	0.00158417235795255	0.000275677378701953	0.000284932755869615	0	0	0	0	0	0	0	0	0	0.000967261904761905	0	0	0	0	0.000568299235379211	0	0	0	0.000132310134956338	0	0	0	0.000393368923855015	0	0	0.000557147405284941	0	0	0	0.00230429916386859	0.00734993875051041	0	0	0	0.000441831220473779	0	0	0.000613722842764208	0	0.000396465790666063	0	0.000643891969236273	0.00354384370740572	0.00124316260566882	0.00112455820927493	0.00186483406430224	0	0	0	0	0	0.000418558227888857	0.00261267145656434	0.00116639450794815	0	0.000926579597599718	0.00303853682765069	0	0	0.00115091353762049	0.000719942404607631	0	0.00112722627188698	0.00383435582822086	0.00366545659605963	0.00014745782706146	0.0502779623090102	0	0.00123104833484515	0.00177491454115172	0	0.000932969714367734	0.00465304470969047	0	0.000236583730925437	0.000226894569656633	0.00093905531035778	0.000655039711782527	0.0019492025989368	0.000524486986166656	0.00349425287356322	0.00186952671455279	0	0	0	0.000155460551884959	0.0043811322734666	0	0
"MYb382"	0.00096762188314105	0.00067618332081142	0	0.00743445071357451	0.0013558143577264	0.000298220616985321	0.00201663725737333	0.000482677249812292	0.000320300655548675	0.000573278478451474	0.000102814548258579	0.00174453238022296	0.000196116885663856	0.00716332378223496	0.00150110951572902	0	0.00107922492028452	0.0091384932212116	0.000623668208513071	0.000294602875324063	0.000746623226769836	0	0.000288633608497373	0.00189899404639704	0	0.0011526205166452	0.00125567825091406	0	0	0.000726656170521981	0	0	0.000477509311431573	0.000348169210236175	0	0	0	0	0	0	0.000797057020232986	0	0.000695259872690192	0.000855222968845449	0.000203252032520325	0.00021092596498629	0.000323912867438659	0.000734670810963549	0.000980495150050776	0.000448755566295005	0.000387242131943955	0.00129962192816635	0.000341919307043538	0.000353581783466516	0	0	0.00034952813701503	0.000222754357632121	0.000162981474439072	0.000243161094224924	0.000214557742852545	0.000172006020210707	0.000520833333333333	0.000259201658890617	0.000797638988593762	0	0	0.00108493490390577	0.000627385371464422	0.000746059871304672	0	0.000264620269912675	0	0.000711305007587253	0	0	0	0	0	0	0	0	0	0	0.000696752063458034	0.00232138251225174	0.000160636119031364	0.000645753322230908	0.000335514175473914	0.000181020047970313	0.000409148561842805	0.000227946204695692	0.0016425011327594	0.00026651031394915	0	0.0044525215810995	0.00139234211834908	0.000374852736424976	0.00245191145491591	0.00014379954343645	0.000299603025990563	0.000111501365891732	0.000120491605751466	0.000146929180135175	0.000804919669017032	0.00413672980622687	0.00033325557369947	0	0.00198552770914225	0.000818067607444415	0.000226808800181447	0.000448576788190197	0.000287728384405122	0.001954129383935	0	0.000638761554069287	0.000498466257668712	0.00151552532337081	0.000206440957886045	0.00020978287472466	0	0.00051833614098743	0.000755982119379437	0	0.000107650351657815	0.000867026964538597	0.00019837989750372	0	0.000529420662532143	0.000313018436785927	0.00114631949561942	0	0	0	0	0	0	0	0	0.0030694160239257	0.000176429075511644	6.72811680010765e-05
"MYb115"	0.000632675846669148	0.000450788880540947	0.0002640712237815	0.000597411218055095	0	0	0.000283589614318125	0.000455861847044943	0.000277593901475518	0.000640723005328118	0	0.00085099140498681	0	0.00150806816468104	0	0.000275968649961364	0.00107922492028452	0.000643555860648704	0.000467751156384803	0.000707046900777752	0.00135749677594516	0.000186370131080326	0.00150089476418634	0.00159104906590023	0	0	0	0	0	0.000605546808768318	0	0.00188012333609085	0.000859516760576831	0	0	0.00118891927238141	0	0.000810322258929128	0.000330114714863415	0.000691823899371069	0.000674432863274065	0.000745087082052715	0.000679809653297077	0.000733048259010385	0	0.00133586444491317	0.000323912867438659	0.000395591975134219	0.000700353678607697	0.000310676930511927	0	0.00161468178954001	0.00096877136995669	0	0	0	0.000893238572371743	0	0.000488944423317216	0	0	0	0.0015625	0.000518403317781234	0.000797638988593762	0	0	0.0018598884066956	0	0.000746059871304672	0	0.000496163006086266	0	0.000569044006069803	0.00161344537815126	0.00174206237707221	0.000433886538670138	0.00106382978723404	0.00413880929640242	0.000501730971852892	0.000454844089553747	0.0013649658758531	0.00269932187767463	0.00548328763926967	0.000803944688605424	0.000859771300833978	0.000160636119031364	0.000747714373109472	0	0.000950355251844142	0.00122744568552842	0	0.000849569551427277	0	0	0.00293805845827654	0.0017901541521631	0.000642604691014244	0.00169216424353352	0	0.000873842159139141	0.000724758878296259	0	0	0.000965903602820438	0.00267487791981587	0.00149965008164762	0	0.00110307094952347	0.00125631811143249	0.000151205866787631	0	0.00100704934541793	0.000411395659775789	0	0.00048846471781769	0.000766871165644172	0.00116307757374969	0.000530848177421257	0.00045452956190343	0	0.000388752105740573	0.000262950302392848	0	0	0.000491315279905205	0.000264506530004959	0	0.000554631170271769	0.000626036873571853	0.0010234995496602	0	0	0.00142528735632184	0.00329627078618518	0.000888251170100099	0.000527983104540655	0.00290611470256806	0.000893898173338515	0.00322682197387061	0.000220536344389555	0.000168202920002691
"MYb10"	0.340007443245255	0.127798647633358	0.274181379206277	0.126186525058082	0.287954110898662	0.33138937671891	0.0261847743887068	0.356859380027888	0.448292797505926	0.179098941120928	0.26258835625241	0.314611522423624	0.302951559129241	0.113557532800483	0.295457512074142	0.355116458770284	0.0225656119695855	0.125622103998627	0.348162777402422	0.326478906434127	0.267630489377588	0.24619494315711	0.296888529700398	0.308817491274892	0.329845258777423	0.314122991389247	0.310965025667541	0.289026986593015	0.298802706923477	0.259840135642485	0.295258484982054	0.151989170489584	0.121669372552765	0.336940753206058	0.327804149554643	0.434589624697816	0.365464463079052	0.431216106713208	0.387183296195428	0.440125786163522	0.268792152053955	0.419577163080935	0.302438044620234	0.254327020973325	0.284654471544715	0.332384166490895	0.308000647825735	0.196552698502402	0.296844906677872	0.332389795988816	0.0533690065479124	0.325890044108381	0.263391839525872	0.244325012375362	0.316092244032901	0.247362812999467	0.239620956153637	0.352397393774016	0.273863204215787	0.233738601823708	0.317706377728906	0.343152010320361	0.25766369047619	0.288945049248315	0.214006540639706	0.259394997091332	0.28196693296877	0.257439553626782	0.336905944476395	0.293621188100345	0.294161676646707	0.290586133897857	0.261659600242277	0.187547420333839	0.473546218487395	0.222703006462489	0.378566004989695	0.51505728314239	0.377825533269659	0.134112688776278	0.365745186233386	0.327396815079623	0.533412337876095	0.409846584611795	0.366705970629221	0.279210729945834	0.259989558652263	0.242361417938348	0.362131633394844	0.373399103950763	0.291191031463524	0.317643036243447	0.240711372904395	0.311657161132136	0.0202468252548739	0.235953354535817	0.299154649428145	0.0982114169433437	0.254722519598025	0.0560458720543562	0.346865403340574	0.249874560963372	0.313438830428147	0.315212067783328	0.235970250169033	0.301701346769929	0.142400106641784	0.354440461967344	0.274752912107307	0.141963946591872	0.33386255386709	0.185466112062638	0.289562652855704	0.00591381260927697	0.159085627977228	0.157398361764485	0.22864263803681	0.254185317026751	0.323375014745783	0.0537393797419671	0.17281981517099	0.2123882337696	0.220418090980805	0.250634007546236	0.201987943160614	0.294240050865582	0.24268474127955	0.184890185718229	0.2978117279282	0.175885059630012	0.23626463604356	0.0668635558180744	0.324001835704452	0.174344827586207	0.319935058545705	0.602302620340952	0.497043294614572	0.445821718759267	0.573649436455499	0.245133532714203	0.251720183486239	0.215400659355446
"MYb176,MYb174"	0.00401935243766282	0.00236664162283997	0.00305568130375736	0.014470627281779	0.0102555188597254	0.00268398555286789	0.000409629442903958	0.00316421752654725	0.000427067540731567	0.00667700816078775	0.000976738208456497	0.00340396561994724	0	0.0141004373397678	0.00828873515206892	0.00231813665967546	0.000981113563895021	0.0122275613523254	0.0032222857439842	0.001885458402074	0.00217199484151225	0.000931850655401628	0.00225134214627951	0.00241223568055841	0.000606036119752737	0.00793274120279341	0.00265908335487683	0.000920651360837793	0.00104112441436752	0.013685357878164	0.00226685976953592	0.00496352560727984	0.00434533473402731	0.00220507166482911	0.00602698810603232	0.00721277691911386	0.00252381340063502	0.00342828648008477	0.00503424940166708	0.00767295597484277	0.00493562231759657	0.00344602775449381	0.00432606143007231	0.00944817756057829	0.00287940379403794	0.00172256204738803	0.00336059599967609	0.00237355185080531	0.00420212207164618	0.00262349407987849	0.000915299584594804	0.00448960302457467	0.00718030544791429	0.00297008698111873	0.00126154311954383	0.0011720831113479	0.00128160316905511	0.00378682407974606	0.00211875916770794	0.00194528875379939	0.00150190419996782	0.00227907976779187	0	0.00628564022809746	0.00319055595437505	0.0016870273414776	0.0013243901397018	0.00304815044430668	0.00413028702880744	0.00620162268022009	0.00380489021956088	0.00777322042868484	0.00237618226715743	0.00303490136570561	0.00356302521008403	0.00196684461927508	0.00233214014535199	0.00548281505728314	0.00334288443170965	0.00190657769304099	0.00267852630514985	0.00519987000324992	0.00276515899664231	0.00816659861167824	0.00289420087897953	0.00275126816266873	0.00240954178547046	0.00282092240764028	0.00313146563775653	0.000452550119925782	0.00216848737776687	0.00359015272395715	0.00135931128228364	0	0.0266499731711679	0.00299863698318946	0.00447538538040776	0.00476598479168898	0.00162309631522602	0.000467348516168461	0.0012233790227948	0.00144951775659252	0.00216884890352639	0.00195905573513566	0.00231816864676905	0.00205281328730055	0.00793148265404739	0.00139386698526483	0.00194140487116131	0.0033307038303094	0.00120964693430105	0.00134573036457059	0.00179830240253201	0	0.00316602765191124	0.00142781994439017	0.00184049079754601	0.00211468649772671	0.00250678306004483	0.00618859480437747	0.0026035558474457	0.00272126474018401	0.00118327636076781	0.00364940929053009	0.00376776230802354	0.00367041414988006	0.00343858489006447	0.00291786601474705	0.00431099682347602	0.00122077190346511	0.00188323917137476	0.0313644418192558	0.00406477414279158	0.00841379310344828	0.00373905342910558	0.0011957227289809	0.00332629355860612	0.00563430401518297	0.00435289545277886	0.00301694737394407	0.00454304869442484	0.00356590190405705
"JUb44"	0	0	0	0.0193826750746764	0.00107769859203894	0.000530169985751682	0	0.000509492652579642	0	0	0	0	0	0.012969386216257	0	0	0	0.017376008237515	0	0	0	0	0	0	0	0.00101701810292223	0.00291760534771208	0	0	0	0	0	0	0.000464225613648233	0	0	0	0	0	0	0	0	0.000896112724800692	0	0	0	0.000485869301157989	0	0	0.000310676930511927	0	0	0	0	0	0	0	0.00100239460934455	0	0	0	0	0	0	0	0	0	0	0.000836513828619229	0	0	0	0	0	0	0	0	0	0	0	0	0	0	0	0	0	0	0	0	0	0	0	0	0	0	0	0	0	0	0	0	0	0	0	0	0	0	0	0	0	0	0	0	0	0	0	0	0	0	0	0	0	0	0	0	0	0	0	0	0	0	0	0	0	0	0	0	0	0	0	0	0
"MYb416"	0.00119091924078898	0	0.000452693526482571	0.0174576833720544	0.00698765861289762	0.000397627489313761	0.000378119485757499	0.000670385069183739	0	0.00033722263438322	0.000668294563680761	0.000808441834737469	0.000392233771327711	0.0199819031820238	0.00802767262759431	0.000717518489899547	0.000588668138337013	0.0174189119615583	0.000623668208513071	0.000412444025453688	0.00095024774316161	0.000372740262160651	0.000404087051896323	0.000513241634161363	0.000404024079835158	0.00705132551359414	0.0104147431399343	0.000863110650785431	0	0.00121109361753664	0	0.00112807400165451	0.000334256518002101	0.000290141008530146	0.00933383113766068	0.000752982205841557	0.000814133355043556	0.00193230692513869	0.000825286787158538	0.000628930817610063	0.000705088902513795	0.000977926795194188	0.000787961189048885	0.000610873549175321	0.000372628726287263	0.000316388947479435	0.000445380192728156	0.00107374964679288	0.000805406730398851	0.000414235907349235	0.0025698796029008	0.000551354757403907	0.000797811716434921	0	0.000555078972599283	0.00127863612147043	0.000932075032040079	0.000612574483488333	0.000543271581463574	0.000425531914893617	0.000321836614278818	0.000774027090948183	0.000520833333333333	0.00142560912389839	0.00247268086464066	0.000814426992437464	0.00145255692741488	0.00123992560446373	0.000627385371464422	0.000606173645435046	0	0.00152156655199788	0	0.00365136570561457	0.00127731092436975	0.00146108457431863	0.000813537260006508	0.00171849427168576	0	0.000602077166223471	0.000656997018244302	0.00129996750081248	0.00098755678451511	0.00104999125007292	0.00117911887662129	0.000472874215458688	0.000522067386851934	0.00258301328892363	0.000838785438684784	0	0.000490978274211366	0.000740825165260998	0.00294517444494789	0.000906135067427109	0.00221785011625827	0.00145388459791004	0.00069617105917454	0	0.000897883067997375	0.000575198173745798	0.000749007564976406	0.000557506829458661	0.000522130291589686	0	0.00209279113944428	0.00171067773941713	0.000599860032659046	0.000398247710075667	0.000573596893752206	0	0.000907235200725788	0.00464888671397113	0.000791253057114084	0	0.0011037527593819	0.000526038926880589	0.00153374233128834	0.000810629824128573	0.00132712044355314	0.00083913149889864	0.000703663742552892	0.00388752105740573	0.000460163029187484	0.000525762355415352	0.00362422850581312	0.000317909886997486	0.000694329641263019	0.00181380860376168	0.000403368123834014	0.000907753466679187	0	0.00124040165386887	0.00452370025568741	0.000689655172413793	0.00118075371445439	0.000512452598134673	0.000791974656810982	0.00171994543621375	0.000932763311309755	0.000498452174825542	0.000793930839802399	0.000336405840005382
"MYb596"	0	0	0	0.00517756388981082	0.000869111767773336	0	0	0	0	0	0	0	0	0.00625848288342633	0.000717921942305182	0	0	0.00386133516389223	0	0	0	0	0	0	0	0.000678012068614821	0.00228976622225505	0	0	0	0	0	0	0	0	0	0	0	0	0	0	0	0	0	0	0	0	0	0	0	0	0	0	0	0	0	0	0	0	0	0	0	0	0	0	0	0	0	0	0	0	0	0	0	0	0	0	0	0	0	0	0	0	0	0	0	0	0	0	0	0	0	0	0	0	0	0	0	0	0	0	0	0	0	0	0	0	0	0	0	0	0	0	0	0	0	0	0	0	0	0	0	0	0	0	0	0	0	0	0	0	0	0	0	0	0	0	0	0	0	0	0
"JUb66"	0.0515072571641236	0.0177685950413223	0.0599441677984005	0.046531695984069	0.0814879193464279	0.0206766294443156	0.00283589614318125	0.0334924380564196	0.00732420832354637	0.0329803736426789	0.034211540933042	0.0246362011743681	0.0169150813885076	0.0539888402955814	0.0811904451116042	0.0193729992272878	0.00887907775324994	0.0395143298438304	0.0341978067668001	0.04089087909498	0.0343446684314125	0.0408150587065913	0.0298447151186284	0.0237630876616711	0.0149084885459173	0.0772933758220896	0.0393322746242198	0.0111628977501582	0.0164627798021864	0.113903354729321	0.042440652351867	0.0488080018049184	0.0284118040301786	0.019990715487727	0.0552562803349512	0.0511235287124004	0.0383456810225515	0.0306675808763947	0.0737393744326153	0.0672955974842767	0.0348252605763335	0.0681754680078234	0.0332797725727705	0.0596619833027897	0.0340447154471545	0.0202137383111861	0.0279374848165843	0.0244701893190167	0.0627166719193193	0.0216438261589975	0.0425262268534817	0.0305608065532451	0.0466719854114429	0.0258114701930557	0.0524297320482414	0.0509323388385722	0.0247388248087304	0.0240017820348611	0.0256424186450807	0.0354407294832827	0.0336855656278496	0.0502687594065792	0.0140625	0.0616899948159668	0.0211374331977347	0.0492728330424666	0.048147989917546	0.0331680099194048	0.0262456213729283	0.0584258136715471	0.0442240518962076	0.0605649642762636	0.0498998276103061	0.0349487860394537	0.0438319327731092	0.0189379039055915	0.049625772860397	0.0366612111292962	0.0428207577204712	0.0177612764035924	0.0582705816950523	0.0514787130321742	0.0551056685759431	0.047832934725544	0.0308714760424483	0.0217522139110996	0.0357415364844785	0.030894198416205	0.0631325840183414	0.00855319726659728	0.0436561515486273	0.0422270344198769	0.0481989125509742	0.040136453280742	0.289500983723842	0.101559897016508	0.0443063152660368	0.0359858626967977	0.0264530165417688	0.00535653299300775	0.0164282325918158	0.0313876344985226	0.0440597638364527	0.0394259966696053	0.0262725779967159	0.0285838698640789	0.0527543573166261	0.0497809637594584	0.0263413342746205	0.03652087533234	0.0485748847055266	0.0169235788271756	0.0292403970651705	0.00503959683225342	0.161438364122226	0.0221687833471105	0.0424079754601227	0.027420434920523	0.0818390940191105	0.220306982273347	0.113524417131867	0.0578592717377219	0.0284972390218249	0.0456485433290035	0.0449978469929668	0.0466749515909945	0.0449991734170937	0.0649422341390324	0.0338072908788383	0.0380630419131687	0.0167444526324408	0.118960425280567	0.0518586507572281	0.0801379310344828	0.036504969005215	0.0391855420040313	0.0813621964097149	0.0464978352410889	0.0298095608239409	0.0211448659425993	0.0608680310515173	0.0441700867927067
"MYb121"	0	0.000713749060856499	0	0.00856289412545636	0.00618807578654615	0.000960933099174923	0	0.00061675426364904	0	0.000944223376273015	0	0.000425495702493405	0	0.00806816468104358	0.00606970369403472	0.000717518489899547	0	0.00956753046164407	0	0	0	0	0	0	0	0.00583090379008746	0.00760793293200872	0	0	0	0	0	0.000668513036004202	0.00116056403412058	0.00762707344391701	0.000911504775492411	0.00138402670357405	0	0.000701493769084757	0	0.000674432863274065	0.00135047033622055	0.000525307459365923	0.000529423742618611	0.000440379403794038	0.00035154327497715	0	0.000678157671658661	0.000665335994677312	0.000448755566295005	0	0.000984562066792691	0.00119671757465238	0.00120217806378615	0	0	0	0	0	0	0	0	0.00111607142857143	0	0.00103693068517189	0	0	0.00108493490390577	0	0	0	0.000529240539825351	0	0.000616464339908953	0.00114285714285714	0	0	0	0	0	0	0	0	0	0.000535963125736949	0	0.000682703505883298	0.000577779288311865	0	0	0	0	0.00062301767104667	0	0	0.000605785249129184	0.000795624067628046	0	0	0	0.00039947070132075	0	0	0	0.000611738948452944	0.000933096948772978	0.00123304562268804	0	0	0	0.000340213200272171	0.000774814452328521	0.000431592576607682	0	0	0	0	0	0	0	0	0	0	0	0.00218889048370891	0	0	0	0.000478999647052892	0	0	0	0.00150790008522914	0.000597701149425287	0	0	0	0	0.000699572483482316	0.000367280549871452	0	0
"MYb595"	0	0	0	0.00185861267839363	0.0001042934121328	0	0	0	0	0	0	0	0	0.0018850852058513	0.000195796893355959	0	0	0.0014587266174704	0	0	0	0	0	0	0	0	0.000295453706097426	0	0	0	0	0	0	0	0	0	0	0	0	0	0	0	0	0	0	0	0	0	0	0	0	0	0	0	0	0	0	0	0	0	0	0	0	0	0	0	0	0	0	0	0	0	0	0	0	0	0	0	0	0	0	0	0	0	0	0	0	0	0	0	0	0	0	0	0	0	0	0	0	0	0	0	0	0	0	0	0	0	0	0	0	0	0	0	0	0	0	0	0	0	0	0	0	0	0	0	0	0	0	0	0	0	0	0	0	0	0	0	0	0	0	0
"MYb191*"	0.032973576479345	0.0244928625093914	0.0446657612796137	0.10222369731165	0.20073005388493	0.119255111170019	0.01361230148727	0.0900461224927598	0.0456535201042045	0.0134214608484521	0.093818275285953	0.0558250361671347	0.0983526181604236	0.0960639420901825	0.196645346560501	0.0851639253780771	0.00559234731420162	0.105500257422344	0.0833636505379138	0.0562102286118313	0.0658385936333401	0.0856060135428962	0.0381573630433528	0.0575857113529049	0.111793462890388	0.193640246796393	0.162647265206633	0.102364923183152	0.114263404476835	0.0776311008840983	0.0887853409734903	0.0300819733774536	0.0149460414478082	0.13050542563686	0.222891887567337	0.154876550548884	0.15663925751038	0.099856635292651	0.120574399603862	0.102704402515723	0.0765174739423666	0.0484306603334265	0.116062048081083	0.072327428222358	0.096070460704607	0.0902411586866343	0.116325208518908	0.0508618253743995	0.0350877192982456	0.105284959784597	0.00531577835668521	0.0687224322621298	0.0807499430134488	0.00487942861183792	0.0797799868799516	0.0444326052210975	0.0654394345411472	0.111377178816061	0.0797522681588526	0.11161094224924	0.0856085393981655	0.0764136744786068	0.0547619047619048	0.0821669258683256	0.0437903804737976	0.0716695753344968	0.0523774939120776	0.0457222566646001	0.110106132692006	0.0812272684882962	0.0752245508982036	0.08815162741466	0.056515864511019	0.0401176024279211	0.0692436974789916	0.0365271143579657	0.0905738149473913	0.112929623567921	0.097580388411334	0.0303045506999147	0.0913731237681306	0.0787130321741956	0.0379221805253802	0.0878492679227673	0.0802336799228213	0.0542945576476657	0.135335930283924	0.0438772388947422	0.0843258961024437	0.067701497940897	0.0391555173683565	0.0911214953271028	0.0111576801087449	0.10345930387506	0.00346986227866214	0.0300469483568075	0.0514172053704625	0.0121559387383528	0.0388161757088096	0.00636312979706289	0.0925274011934187	0.0313318838155767	0.071973652502209	0.0692036438436674	0.0428217263917061	0.03614195514914	0.0289932349118539	0.0652130625248905	0.0523296858453936	0.0282233324568323	0.0587056777802979	0.0455101541472963	0.0676161703352036	0.00246837395865474	0.0130707563611014	0.00995716540166829	0.0160276073619632	0.0297113452930603	0.0351244544060399	0.00534946330547883	0.0225172397616925	0.0288972398600492	0.0435182750460163	0.0733593121791303	0.00165063872541984	0.0115025577295454	0.111952388824599	0.00173494736011987	0.0762869964201079	0.0718377312423702	0.0406943420944895	0.0147076196101595	0.0780830000655609	0.0254712643678161	0.0525927383646561	0.0831881384305285	0.0581837381203801	0.0898523219263389	0.0977846871356393	0.0503436696573797	0.0677046577275935	0.0673820897530781
"JUb134"	0	0	0	0.000464653169598407	0	0	0	0	0	0	0	0	0	0.000150806816468104	0	0	0	0.00042903724043247	0	0	0	0	0	0	0	0	0.000147726853048713	0	0	0	0	0	0	0	0	0	0	0	0	0	0	0	0	0	0	0	0	0	0	0	0	0	0	0	0	0	0	0	0	0	0	0	0	0	0	0	0	0	0	0	0	0	0	0	0	0	0	0	0	0	0	0	0	0	0	0	0	0	0	0	0	0	0	0	0	0	0	0	0	0	0	0	0	0	0	0	0	0	0	0	0	0.000122339124051872	0	0	0	0	0	0	0	0	0	0	0	0	0	0	0	0	0	0	0	0	0	0	0	0	0	0	0	0	0	0
"MYb158"	0.0474134722739114	0.0297145003756574	0.175230119209295	0.0655824759376037	0.148826699113506	0.164684051824116	0.0114066044870179	0.137348492974364	0.0976703465653093	0.0330140959061172	0.250996015936255	0.077482767424049	0.155079427338694	0.060624340220178	0.146260279336901	0.123026824152776	0.0101545253863135	0.0583490646988159	0.132685411361156	0.128211171341032	0.116812597570081	0.240914456109834	0.100155862148589	0.0705194005337713	0.16973051593875	0.14868804664723	0.135797909665029	0.170262961044939	0.184148880791255	0.113116143877922	0.235690447704804	0.0529442731443183	0.0165695731066756	0.175767422967562	0.17238252706811	0.247453731224983	0.247985019946267	0.126098609985664	0.277709003878848	0.220943396226415	0.0992335990190067	0.148132625500605	0.153235275940918	0.0949297495418448	0.132757452574526	0.162096604091964	0.183942019596728	0.0636903079966092	0.0709458276429597	0.149711760847803	0.003942828979793	0.0876260239445495	0.0888420332801459	0.00784951559295665	0.266892062370692	0.209057005860416	0.105169132781856	0.154201704070836	0.13646982126365	0.189422492401216	0.155554363568095	0.138679853794883	0.0942708333333333	0.184681181959565	0.056393076493579	0.35520651541594	0.231212885034391	0.0682475718123579	0.150938463951482	0.127576237993099	0.127869261477046	0.193503572373644	0.328192703722686	0.0623103186646434	0.0903529411764706	0.0444506883956167	0.142206313049138	0.190016366612111	0.167303406558421	0.0386332848326727	0.359579521908324	0.12291192720182	0.0768319178352755	0.115557370355247	0.114642512595133	0.081377353623936	0.207421388699249	0.0516942527954321	0.141698820108483	0.144680273340272	0.109201751155845	0.118873945748803	0.0317739012233802	0.161078833750866	0.0117331425505276	0.0481296380433136	0.0830432620586773	0.0163328692299454	0.0541147218289187	0.00663275394100624	0.160936758794597	0.0860233037854714	0.167162021045867	0.15133705553923	0.0585981519044399	0.0559547136947529	0.0409237844502949	0.139038231780167	0.0716996117190258	0.0348263067169194	0.118961215695169	0.0554604029035152	0.093763487268019	0.00282834516095855	0.0574241896131056	0.0334034718569174	0.0218941717791411	0.0531843654178268	0.0906275805119736	0.0149994755428132	0.0563869212365717	0.032104444732409	0.0830265579805417	0.273891259974021	0.0027989091431032	0.017947458165949	0.226020829889238	0.00169551673829896	0.105984974537387	0.189344852411807	0.0558421354294604	0.0321913762551683	0.0876548875631023	0.0344367816091954	0.115713864016531	0.162174165556353	0.190443505807814	0.120514797461598	0.17333851535173	0.0724329712996485	0.116663726182075	0.1812554665949
"MYb371,MYb331,MYb330,MYb177"	0	0	0	0.104546963159642	0.00782200590996002	0	0	0.000134077013836748	0	0	0	0	0	0.119363595234505	0.0112256885524083	0	0	0.092071391796808	0	0	0	0	0	0.000153972490248409	0	0.0111193979252831	0.0237101599143184	0	0	0.000181664042630495	0	0	0	0	0.0175476025388021	0.000277414496888995	0	0	0	0	0	0	0.000185402632717385	0	0	0	0.000121467325289497	0	0	0	0	0	0	0	0	0	0.000271855217678356	0	0	0	0	0	0	0.000518403317781234	0	0	0	0	0	0	0	0.000330775337390844	0	0	0.000336134453781513	0	0	0	0.000955109837631328	0	0	0	0	0.000174998541678819	0	0	0.000120477089273523	0	0	0	0	0	0	0	0	0	0	0	0.000103601892461236	0	0.000124834594162734	0	0	0	0	0	0	0	0	0	0.000226808800181447	0	0	0	0	0	0.000153374233128834	0	0	0	0	0	0	0	0	0	9.91899487518598e-05	0	0	0	0	0	0	0	0	0	0.000158394931362196	0	0	0.00013117162495409	0	0
